filename            , member, phrase          , augmentation, mfcc_0_mean        , mfcc_0_std         , mfcc_1_mean        , mfcc_1_std        , mfcc_2_mean        , mfcc_2_std        , mfcc_3_mean         , mfcc_3_std        , mfcc_4_mean         , mfcc_4_std        , mfcc_5_mean        , mfcc_5_std         , mfcc_6_mean        , mfcc_6_std        , mfcc_7_mean        , mfcc_7_std        , mfcc_8_mean          , mfcc_8_std        , mfcc_9_mean         , mfcc_9_std         , mfcc_10_mean         , mfcc_10_std        , mfcc_11_mean        , mfcc_11_std        , mfcc_12_mean       , mfcc_12_std        , spectral_rolloff_mean, spectral_rolloff_std, energy              , energy_std           , zcr_mean           , zcr_std             , spectral_centroid_mean, spectral_centroid_std
approve - alli.wav  ,       , approve - alli  , original    , -431.7928466796875 ,  81.8665542602539  , 114.07611846923828 , 58.07970428466797 , 4.398787498474121  , 25.045074462890625, 42.66483688354492   , 19.805631637573242, 11.924942016601562  , 19.939632415771484, 15.202880859375    , 19.407672882080078 , -5.199666500091553 , 19.106054306030273, -3.7551066875457764, 17.32651138305664 , 6.508541584014893    , 12.926840782165527, -4.097679138183594  , 11.626665115356445 , 0.09887820482254028  , 12.241317749023438 , 5.631429195404053   ,  6.448758602142334 , -7.212520122528076 ,  7.664825439453125 ,    3020.74951171875  ,   1990.2085881817222,  28.98371124267578  , 0.025219513103365898 , 0.09973415798611111, 0.13365830636755677 ,     1718.6575653343616,    1370.2646785887496
approve - alli.wav  ,       , approve - alli  , pitch_shift , -452.5280456542969 ,  82.24334716796875 , 106.83325958251953 , 53.93402099609375 , 12.38630485534668  , 31.50912094116211 , 39.40998458862305   , 21.013402938842773, 7.475846290588379   , 19.162199020385742, 7.290425777435303  , 19.994457244873047 , -11.579224586486816, 19.6452579498291  , 5.455996513366699  , 20.11734962463379 , 0.7580540180206299   , 11.277644157409668, -3.9563140869140625 , 13.697762489318848 , 6.065181255340576    ,  7.326022624969482 , -5.480892658233643  ,  7.011052131652832 , -2.510852813720703 , 11.159530639648438 ,    3405.8349609375   ,   2288.845454370875 ,  15.912952423095703 , 0.01868710108101368  , 0.118212890625     , 0.15417659572897666 ,     1920.8326199978405,    1570.3486694007252
approve - alli.wav  ,       , approve - alli  , time_stretch, -458.3446044921875 ,  82.85981750488281 , 112.86673736572266 , 56.93994140625    , 8.074196815490723  , 24.313138961791992, 41.2457275390625    , 20.55364227294922 , 12.886432647705078  , 19.865320205688477, 14.765920639038086 , 20.058996200561523 , -5.125123500823975 , 19.952646255493164, -3.04563307762146  , 17.942018508911133, 6.946501731872559    , 12.479329109191895, -4.348873615264893  , 12.135398864746094 , -0.37568357586860657 , 12.573129653930664 , 5.060056209564209   ,  5.144789218902588 , -7.42413330078125  ,  6.497453689575195 ,    2964.404296875    ,   1946.6517261873744,  18.4178524017334   , 0.021559469401836395 , 0.1051181891025641 , 0.1422761860868647  ,     1683.7403850070002,    1363.2318215623934
approve - alli.wav  ,       , approve - alli  , add_noise   , -316.18046468107207,  37.13256475352395 ,  38.95823648038551 , 33.91073986955863 , 24.578720249531745 , 11.580462462213449, 21.05213798563222   , 14.191937234894565, 11.415277301196953  , 13.04676113445574 , 10.487771138488288 , 15.291799022289647 , -1.2797784910829173, 15.534792927903421, 0.05372989479141231, 13.63181788026105 , 3.0263548230378103   , 13.011772181641906, -2.481854006564451  , 11.339500470073284 , 0.6791043696596982   , 10.179678399752909 , 1.4528443724136724  ,  6.3261282279334585, -2.6444797942548575,  6.777093501550101 ,    7693.57421875     ,   1696.9111182582294,  29.40081029708881  , 0.025400343165910756 , 0.240771484375     , 0.1476575031709502  ,     3855.316453804887 ,    1217.5916769331443
approve - alli.wav  ,       , approve - alli  , gain        , -438.73358154296875,  81.8665542602539  , 114.07611846923828 , 58.079708099365234, 4.398782730102539  , 25.04507827758789 , 42.66484069824219   , 19.805631637573242, 11.924939155578613  , 19.93963050842285 , 15.20288372039795  , 19.407672882080078 , -5.199668884277344 , 19.106054306030273, -3.755105972290039 , 17.32651138305664 , 6.508542060852051    , 12.926839828491211, -4.097679615020752  , 11.626665115356445 , 0.09887783974409103  , 12.241316795349121 , 5.6314287185668945  ,  6.448758125305176 , -7.212520122528076 ,  7.664825439453125 ,    3020.869140625    ,   1990.161944891314 ,  25.1655216217041   , 0.02349971979856491  , 0.09973415798611111, 0.13365830636755677 ,     1718.6575589632996,    1370.2646810356687
approve - ange.wav  ,       , approve - ange  , original    , -445.2643737792969 ,  60.811466217041016, 104.07756805419922 , 37.88951110839844 , 20.874677658081055 , 25.003890991210938, -0.431805282831192  , 18.273983001708984, 1.1477779150009155  , 11.064773559570312, 11.895696640014648 , 10.456809043884277 , -6.837561130523682 , 14.767512321472168, 7.425067901611328  ,  9.949838638305664, -3.901559829711914   ,  8.500676155090332, 1.0424652099609375  ,  8.009793281555176 , -2.5583908557891846  ,  6.942106246948242 , -2.8751893043518066 ,  8.974278450012207 , -0.7749196290969849,  5.459730625152588 ,    5067.58602366728  ,   2357.5136976707963,   9.004826545715332 , 0.011393359862267971 , 0.12761374080882354, 0.12134546873717941 ,     2395.8788902302904,    1284.5661010235442
approve - ange.wav  ,       , approve - ange  , pitch_shift , -472.0059814453125 ,  61.71467208862305 , 105.63963317871094 , 36.42578887939453 , 11.443803787231445 , 25.712072372436523, -4.465789794921875  , 20.409788131713867, 6.8739705085754395  , 13.29746150970459 , 5.815504550933838  , 10.939009666442871 , -5.617277145385742 , 11.104653358459473, 6.744053840637207  , 12.532085418701172, -8.817102432250977   , 10.346455574035645, 2.5851683616638184  ,  8.282588005065918 , -9.327567100524902   , 10.418631553649902 , 1.8029508590698242  ,  6.114165782928467 , -5.518659591674805 ,  5.344883441925049 ,    4921.603573069853 ,   2415.9783204430632,   3.536059617996216 , 0.007139600347727537 , 0.13286276424632354, 0.14299101794871308 ,     2417.561726008022 ,    1410.080780086812
approve - ange.wav  ,       , approve - ange  , time_stretch, -473.643798828125  ,  59.87886428833008 , 106.71257781982422 , 39.00002670288086 , 20.534088134765625 , 24.872989654541016, -0.09155657887458801, 19.59575843811035 , 1.2510690689086914  , 12.199872016906738, 12.376986503601074 , 11.215332984924316 , -8.31662368774414  , 15.373207092285156, 6.914612293243408  , 10.747998237609863, -4.380346298217773   ,  8.782303810119629, 0.15174482762813568 ,  8.364394187927246 , -2.9219419956207275  ,  6.996419429779053 , -3.82600474357605   ,  9.243062019348145 , -0.9047083258628845,  6.096762180328369 ,    4733.5637496689615,   2395.3853827918947,   3.6500403881073   , 0.007778769824653864 , 0.12005511784957627, 0.12359685960672144 ,     2306.2575781203914,    1312.1911153315427
approve - ange.wav  ,       , approve - ange  , add_noise   , -329.8471529771709 ,  29.39943492849566 ,  31.288814314886547, 27.83187855046283 , 17.27332906435416  , 13.152423002025804, 5.006742820832204   , 11.961774847202777, 2.8269318588410415  ,  9.238869072293927, 3.2248849643621247 ,  8.009803044933197 , -0.3430653471052854,  7.435100959571507, 0.8908103959739655 ,  7.23728855362776 , -1.6447952396669354  ,  5.813130147414805, -0.359705294104251  ,  6.097764244668357 , -0.7352564633487352  ,  5.597936790194613 , -1.712568948968164  ,  6.2232347618359185, -0.9014493733461019,  5.023674985760244 ,    8636.318610696231 ,    927.8094003258616,   9.624634338281224 , 0.011778941531991787 , 0.35455322265625   , 0.13851967686911645 ,     4496.237944296099 ,    1065.3964733061287
approve - ange.wav  ,       , approve - ange  , gain        , -457.7442626953125 ,  60.811466217041016, 104.07756805419922 , 37.88951110839844 , 20.874677658081055 , 25.003890991210938, -0.43180587887763977, 18.27398109436035 , 1.1477782726287842  , 11.064773559570312, 11.895696640014648 , 10.456809043884277 , -6.83756160736084  , 14.767512321472168, 7.425067901611328  ,  9.94983959197998 , -3.901559352874756   ,  8.500676155090332, 1.0424654483795166  ,  8.009793281555176 , -2.558391571044922   ,  6.942105770111084 , -2.8751888275146484 ,  8.97427749633789  , -0.7749192118644714,  5.459730625152588 ,    5067.58602366728  ,   2357.5136976707963,   6.985017776489258 , 0.010034549050033092 , 0.12761374080882354, 0.12134546873717941 ,     2395.8788921384626,    1284.5661031982388
approve - elissa.wav,       , approve - elissa, original    , -409.8414001464844 , 103.87737274169922 , 121.611083984375   , 88.78223419189453 , -4.006531238555908 , 32.03208923339844 , 53.40266036987305   , 47.417293548583984, -2.241055488586426  , 33.37818145751953 , 4.72263765335083   , 32.69125747680664  , -15.857666969299316, 26.807941436767578, -6.6463422775268555, 11.234050750732422, -2.201781988143921   , 10.921316146850586, -10.737345695495605 , 12.99396800994873  , -14.076018333435059  , 15.084274291992188 , -0.2589111626148224 ,  9.840964317321777 , 0.4532066583633423 ,  7.415963172912598 ,    3035.2028586647725,   1897.9806277766206,  47.28751754760742  , 0.046345118433237076 , 0.1322021484375    , 0.14215714095295834 ,     1861.5966091571843,    1513.1122233204558
approve - elissa.wav,       , approve - elissa, pitch_shift , -411.5767517089844 ,  93.73831939697266 , 114.86605834960938 , 90.00020599365234 , 0.15938767790794373, 33.34174728393555 , 43.53879928588867   , 38.76698303222656 , -16.117433547973633 , 27.920698165893555, -3.4752283096313477, 20.836584091186523 , -22.042390823364258, 29.380943298339844, 1.8461995124816895 , 22.428878784179688, -12.918079376220703  , 17.995750427246094, -13.155266761779785 , 12.686708450317383 , -3.982139825820923   , 10.970433235168457 , 3.114269495010376   ,  7.64496374130249  , -12.819133758544922, 10.4629545211792   ,    3551.2656471946025,   2277.57518596375  ,  25.664573669433594 , 0.034142687916755676 , 0.16642622514204544, 0.17764386453555817 ,     2187.8693823558474,    1831.5485398073065
approve - elissa.wav,       , approve - elissa, time_stretch, -415.1260986328125 ,  85.41240692138672 , 133.0562286376953  , 84.118896484375   , -6.713903903961182 , 24.705556869506836, 53.846195220947266  , 48.02998352050781 , -3.6000049114227295 , 32.13600158691406 , 4.3301005363464355 , 30.758445739746094 , -18.148040771484375, 27.178972244262695, -6.705811023712158 , 10.134771347045898, -1.454390525817871   , 10.51358413696289 , -11.5338134765625   , 13.677369117736816 , -15.218606948852539  , 14.055194854736328 , -1.454817771911621  ,  9.894556999206543 , -0.6657152771949768,  6.428232669830322 ,    2913.2157175164475,   1858.4191589618645,  22.469026565551758 , 0.03425907343626022  , 0.13724557976973684, 0.1479867609057234  ,     1777.210992509268 ,    1543.4413606984072
approve - elissa.wav,       , approve - elissa, add_noise   , -290.7632446360312 ,  55.069250333732704,  52.34593749441872 , 54.885743797285194, 22.176345072606008 , 21.580413773134886, 22.60172725139606   , 24.371783600194185, 1.579064989568803   , 19.53991309360695 , 2.149718712018228  , 18.530045474888276 , -8.034435844281296 , 11.55515771433341 , -5.434145375332267 ,  8.485710232995434, -1.1955778459428879  ,  8.597301335830196, -10.902632979534012 , 10.953795003206839 , -9.089918978668226   , 11.53267310713236  , -4.100028578562377  ,  7.826970567694275 , -2.067433679903356 ,  5.286320009033192 ,    6361.103959517045 ,   2432.5018054603447,  47.55173639744803  , 0.04647441452648894  , 0.25068803267045453, 0.17608275534605072 ,     3421.883239321963 ,    1600.1276426569177
approve - elissa.wav,       , approve - elissa, gain        , -394.4035949707031 , 103.87737274169922 , 121.61107635498047 , 88.7822265625     , -4.006528377532959 , 32.03208541870117 , 53.40266036987305   , 47.417293548583984, -2.241054058074951  , 33.378177642822266, 4.7226362228393555 , 32.69125747680664  , -15.857665061950684, 26.807941436767578, -6.6463398933410645, 11.234049797058105, -2.201784372329712   , 10.921316146850586, -10.737345695495605 , 12.99396800994873  , -14.076016426086426  , 15.084274291992188 , -0.25891220569610596,  9.840963363647461 , 0.4532066583633423 ,  7.415962219238281 ,    3035.2028586647725,   1897.9806277766206,  64.743896484375    , 0.05422881618142128  , 0.1322021484375    , 0.14215714095295834 ,     1861.5966079211007,    1513.1122260746251
approve - terry.wav ,       , approve - terry , original    , -265.3069152832031 ,  64.16692352294922 , 144.6106719970703  , 53.46940612792969 , 12.2863187789917   , 27.429977416992188, 35.528438568115234  , 34.015079498291016, 2.4915456771850586  , 23.434444427490234, 10.25822639465332  , 18.94443702697754  , -19.476898193359375, 16.08078956604004 , 1.143034815788269  , 12.43752670288086 , -7.078649520874023   , 11.462968826293945, -18.817951202392578 , 10.577839851379395 , -9.105864524841309   , 10.908592224121094 , -11.719756126403809 ,  9.33625602722168  , 0.34453991055488586,  7.903348445892334 ,    2243.960074491279 ,   1975.3505083726068, 385.1751403808594   , 0.133834108710289    , 0.07398028706395349, 0.0964169738455814  ,     1286.573392112305 ,    1167.705159502971
approve - terry.wav ,       , approve - terry , pitch_shift , -272.5002136230469 ,  48.35275650024414 , 132.79930114746094 , 52.098758697509766, 14.627784729003906 , 23.046823501586914, 24.48731803894043   , 31.876192092895508, -1.8117958307266235 , 15.82863998413086 , -2.103673219680786 , 18.08586883544922  , -21.635107040405273, 18.61668586730957 , 3.1067118644714355 , 14.980329513549805, -26.251405715942383  , 12.651264190673828, -11.740008354187012 , 12.905233383178711 , -9.519370079040527   , 10.401461601257324 , -3.398834228515625  ,  7.371495723724365 , -10.061027526855469,  7.172954082489014 ,    2801.3194949127906,   2318.845020098079 , 251.71046447753906  , 0.10819073766469955  , 0.08133857194767442, 0.09491895389846652 ,     1534.7432531753018,    1306.524287531618
approve - terry.wav ,       , approve - terry , time_stretch, -279.1557312011719 ,  48.72441101074219 , 143.06874084472656 , 47.30636215209961 , 13.85064697265625  , 18.89242935180664 , 34.76729965209961   , 35.152923583984375, 1.7407814264297485  , 21.63629913330078 , 13.039291381835938 , 17.43938446044922  , -20.488935470581055, 16.933622360229492, 0.1533663272857666 , 10.926582336425781, -6.561161518096924   ,  9.022075653076172, -19.985628128051758 ,  9.91911792755127  , -8.889267921447754   , 11.241605758666992 , -11.418893814086914 ,  9.556072235107422 , 1.4158638715744019 ,  7.2806077003479   ,    2373.8901499155404,   1944.2177599351646, 262.69134521484375  , 0.11852589249610901  , 0.06684174408783784, 0.07341940691784508 ,     1269.819676346561 ,    1043.6001220395558
approve - terry.wav ,       , approve - terry , add_noise   , -222.32837989034485,  42.27619384522366 , 102.74501673157681 , 38.69548509834333 , 29.991517926264706 , 19.604511526341373, 26.347618648866412  , 26.465509167931785, 6.953385234672385   , 21.988777110193688, 6.540752664137682  , 14.532095726711082 , -13.913736049643553, 14.006951443921507, -3.0159412320462122, 11.07770491997357 , -5.331612300352353   , 11.68730794136282 , -17.54785019741115  ,  9.51594147515106  , -11.63718461644076   , 12.09956748015848  , -8.941896722533933  ,  8.473309858046015 , -2.1256777145889387,  7.872646114206829 ,    3664.6507085755816,   2254.4178917496765, 385.3581145999975   , 0.13386593442640116  , 0.08522211119186046, 0.0947811783468322  ,     1917.2646698139165,    1101.5674364193608
approve - terry.wav ,       , approve - terry , gain        , -255.5491180419922 ,  64.16692352294922 , 144.6106719970703  , 53.46940612792969 , 12.286322593688965 , 27.429977416992188, 35.5284309387207    , 34.01507568359375 , 2.4915456771850586  , 23.434444427490234, 10.25822639465332  , 18.94443702697754  , -19.476896286010742, 16.08078956604004 , 1.1430354118347168 , 12.437528610229492, -7.078649520874023   , 11.462968826293945, -18.817949295043945 , 10.577838897705078 , -9.105864524841309   , 10.908591270446777 , -11.719756126403809 ,  9.336255073547363 , 0.3445388972759247 ,  7.903347492218018 ,    2243.960074491279 ,   1975.3505083726068, 469.7922668457031   , 0.14780551195144653  , 0.07398028706395349, 0.0964169738455814  ,     1286.5733933176675,    1167.7051615382609
confirm - alli.wav  ,       , confirm - alli  , original    , -446.8144226074219 ,  66.21894073486328 , 145.6709747314453  , 50.02565383911133 , 4.578029155731201  , 24.467330932617188, 38.873687744140625  , 28.541046142578125, 1.437048077583313   , 22.68947410583496 , 19.39579200744629  , 12.518498420715332 , -3.332104444503784 , 15.629292488098145, -6.798336029052734 , 15.555856704711914, 3.654893636703491    ,  8.069334030151367, -0.6881448030471802 ,  9.198029518127441 , -4.066723823547363   , 10.297737121582031 , 2.742955446243286   ,  6.004612445831299 , -11.090630531311035,  8.968003273010254 ,    1955.4009331597222,   1713.4364075793287,  12.244077682495117 , 0.01728854887187481  , 0.05937138310185185, 0.0717705064935507  ,     1162.1197601426186,     907.4750979708842
confirm - alli.wav  ,       , confirm - alli  , pitch_shift , -461.3740234375    ,  66.47434997558594 , 137.1125946044922  , 45.75553894042969 , 7.798451900482178  , 32.6646842956543  , 32.47889709472656   , 29.006635665893555, -1.2048934698104858 , 20.393287658691406, 14.640233039855957 , 13.576933860778809 , -15.654956817626953, 18.892709732055664, 1.3530393838882446 , 10.109519958496094, 1.1578689813613892   ,  8.3529634475708  , -5.796203136444092  ,  9.556435585021973 , -0.5295359492301941  ,  6.902200698852539 , -8.185404777526855  ,  8.653532981872559 , -6.039273262023926 ,  9.721100807189941 ,    2349.3787977430557,   1849.488206009339 ,   4.630518913269043 , 0.010632309131324291 , 0.06852816358024691, 0.0798674193205951  ,     1336.569996671824 ,     953.6414773205322
confirm - alli.wav  ,       , confirm - alli  , time_stretch, -470.3654479980469 ,  65.14910888671875 , 145.5388946533203  , 46.61125946044922 , 6.060881614685059  , 23.175809860229492, 37.87520217895508   , 28.409692764282227, -0.14991582930088043, 22.81853485107422 , 19.46769905090332  , 11.999624252319336 , -3.7716028690338135, 16.630624771118164, -7.061969757080078 , 14.789198875427246, 4.1188645362854      ,  7.026534557342529, -0.16106516122817993,  9.378057479858398 , -3.959120750427246   , 10.998653411865234 , 3.464404344558716   ,  6.682336330413818 , -11.279319763183594,  9.084031105041504 ,    2025.6591796875   ,   1680.8447741938824,   5.261563301086426 , 0.012154001742601395 , 0.05710100446428571, 0.0657526182244073  ,     1162.5396639592234,     840.3150678341766
confirm - alli.wav  ,       , confirm - alli  , add_noise   , -315.9193188113516 ,  29.011578741795866,  50.060286889199254, 28.290715454235343, 28.254381103941864 , 16.969414239610984, 17.335354550835124  , 16.98668089173905 , 10.011046542508897  , 16.32277004595155 , 8.194536024601762  , 11.396588139572257 , 2.406862926869963  , 11.99002312951159 , -2.391632128784867 , 12.657729374118933, 0.27976202172437586  ,  8.840323718616101, -0.5315854361704936 ,  7.847253532085333 , -1.1889145491253836  ,  7.116977031766767 , -1.1517113660300704 ,  5.206633416603078 , -4.0919279376123985,  7.66383154576855  ,    7916.509331597223 ,   1048.9609801173335,  12.617612440793962 , 0.01755024718104716  , 0.18564332561728394, 0.10720498246071415 ,     3535.3564467172046,     932.5601357376961
confirm - alli.wav  ,       , confirm - alli  , gain        , -463.3684997558594 ,  66.21894073486328 , 145.67098999023438 , 50.025657653808594, 4.578029155731201  , 24.467330932617188, 38.87368392944336   , 28.541046142578125, 1.4370487928390503  , 22.68947410583496 , 19.395790100097656 , 12.518498420715332 , -3.3321032524108887, 15.629292488098145, -6.79833459854126  , 15.55585765838623 , 3.6548917293548584   ,  8.069334030151367, -0.6881447434425354 ,  9.198031425476074 , -4.066723346710205   , 10.297738075256348 , 2.742954969406128   ,  6.004611015319824 , -11.090630531311035,  8.968002319335938 ,    1955.4009331597222,   1713.4364075793287,   8.741929054260254 , 0.014608281664550304 , 0.05937138310185185, 0.0717705064935507  ,     1162.1197620822365,     907.4750973250826
confirm - ange.wav  ,       , confirm - ange  , original    , -448.70465087890625,  59.23704528808594 , 115.85440063476562 , 31.82693862915039 , 21.280826568603516 , 18.841440200805664, 2.963102340698242   , 14.61257553100586 , -4.01856803894043   , 12.112324714660645, 2.336360454559326  ,  8.25512981414795  , -5.065130710601807 ,  9.34451675415039 , 6.051957607269287  ,  7.457658290863037, -0.01059776172041893 ,  6.779585361480713, 3.397703170776367   ,  6.874515533447266 , -4.743644714355469   ,  7.029078483581543 , -5.48243522644043   ,  9.62868881225586  , -3.975025177001953 ,  6.14763069152832  ,    4211.827761627907 ,   2372.372995530542 ,   8.766807556152344 , 0.011565935797989368 , 0.0860396984011628 , 0.054796371975908004,     1946.4871580040885,     846.9823084545353
confirm - ange.wav  ,       , confirm - ange  , pitch_shift , -474.0316467285156 ,  62.400814056396484, 117.15419006347656 , 30.530372619628906, 11.1215181350708   , 17.157487869262695, -2.4426395893096924 , 16.28181266784668 , -4.822488784790039  , 10.099966049194336, 2.0361106395721436 ,  9.18038272857666  , -0.9612204432487488,  9.716418266296387, 6.774247646331787  ,  7.731222152709961, -4.7179670333862305  ,  7.671320915222168, -2.3285937309265137 ,  9.125497817993164 , -11.725469589233398  , 10.61219596862793  , 0.33593735098838806 ,  6.165161609649658 , -4.376655101776123 ,  6.953690052032471 ,    4015.358148619186 ,   2180.1886696509964,   4.465343952178955 , 0.00825443770736456  , 0.08462027616279069, 0.0598055683774713  ,     1905.0617230638784,     785.4825955668229
confirm - ange.wav  ,       , confirm - ange  , time_stretch, -476.44573974609375,  58.95210266113281 , 117.87657928466797 , 31.13975715637207 , 21.247989654541016 , 18.621788024902344, 3.10847806930542    , 14.203734397888184, -5.863447666168213  , 12.893545150756836, 0.8382471799850464 ,  8.008033752441406 , -6.8226094245910645,  9.935039520263672, 4.777989387512207  ,  8.176970481872559, -0.8403668999671936  ,  6.801158905029297, 3.1091599464416504  ,  7.526856422424316 , -5.364461421966553   ,  7.361926078796387 , -6.4507737159729    ,  9.025087356567383 , -4.0246992111206055,  5.608713150024414 ,    4056.6055297851562,   2305.0999175747825,   3.4407589435577393, 0.0077702561393380165, 0.07775006975446429, 0.05113965592213373 ,     1875.868605639246 ,     783.9273377884746
confirm - ange.wav  ,       , confirm - ange  , add_noise   , -329.10403725833646,  29.05964802071833 ,  36.6257902048466  , 26.14362352661488 , 19.288015361747664 , 10.187613554266703, 6.410736818538406   ,  9.871969546564996, -0.35476074694970716,  9.737737963803106, -0.917438532000014 ,  6.8209989103809665, -1.088457872595879 ,  6.332940741680125, 0.3237531701344179 ,  5.839618359701526, 1.295145682531394    ,  4.620416984139425, 0.7575424364350466  ,  4.9765908470539255, -1.7417970034902113  ,  5.500804253720886 , -3.7124737366156926 ,  5.937375569808634 , -2.792833388903168 ,  5.3797622881538905,    8585.488394803779 ,    939.8559502729253,   9.354612241945198 , 0.011947386856698553 , 0.3000545058139535 , 0.1410492419848767  ,     4299.975859344491 ,     947.1344508213045
confirm - ange.wav  ,       , confirm - ange  , gain        , -435.89227294921875,  59.23704528808594 , 115.8543930053711  , 31.82693862915039 , 21.280826568603516 , 18.84143829345703 , 2.963102102279663   , 14.61257553100586 , -4.0185675621032715 , 12.112323760986328, 2.3363606929779053 ,  8.255128860473633 , -5.065131187438965 ,  9.344517707824707, 6.051957607269287  ,  7.457658767700195, -0.010597288608551025,  6.779585838317871, 3.397703170776367   ,  6.874515056610107 , -4.743645191192627   ,  7.029079437255859 , -5.482435703277588  ,  9.628689765930176 , -3.9750256538391113,  6.1476287841796875,    4211.827761627907 ,   2372.372995530542 ,  11.378582000732422 , 0.013176621869206429 , 0.0860396984011628 , 0.054796371975908004,     1946.4871618198945,     846.9823060334738
confirm - elissa.wav,       , confirm - elissa, original    , -428.11077880859375,  99.7204360961914  , 147.87710571289062 , 79.54086303710938 , -7.303242206573486 , 44.774559020996094, 25.27825927734375   , 21.218446731567383, 2.844790458679199   , 22.447050094604492, 0.4269288182258606 , 17.97872543334961  , -11.142681121826172, 22.194522857666016, 5.326380729675293  , 10.631772994995117, -7.159801006317139   , 16.698938369750977, 1.1540577411651611  ,  8.07000732421875  , 0.031426191329956055 ,  9.556808471679688 , 6.088759422302246   ,  9.28099536895752  , -1.4950902462005615,  7.263372898101807 ,    2597.779083251953 ,   1989.417785336686 ,  29.409147262573242 , 0.030195051804184914 , 0.10141754150390625, 0.09298395784545613 ,     1399.073050782395 ,    1098.0204199087425
confirm - elissa.wav,       , confirm - elissa, pitch_shift , -433.08245849609375, 100.0545425415039  , 142.32180786132812 , 74.12630462646484 , -9.433124542236328 , 33.40739822387695 , 19.345741271972656  , 25.96194839477539 , -5.752952575683594  , 17.317853927612305, -7.870495796203613 , 14.498693466186523 , -6.4648518562316895, 20.733997344970703, 3.71313214302063   , 11.100001335144043, -6.349514484405518   ,  8.837813377380371, 5.406918525695801   , 15.388914108276367 , -0.027956798672676086,  7.3990864753723145, -2.0752086639404297 ,  8.784944534301758 , -11.694183349609375,  8.403544425964355 ,    2958.292007446289 ,   2192.6881453134765,  15.430987358093262 , 0.021872153505682945 , 0.0958251953125    , 0.0791588563998234  ,     1547.674807403419 ,    1066.398744048957
confirm - elissa.wav,       , confirm - elissa, time_stretch, -440.6976623535156 ,  90.29649353027344 , 160.6772918701172  , 67.87394714355469 , -9.388894081115723 , 38.26698684692383 , 29.368715286254883  , 23.199018478393555, -3.3205621242523193 , 20.02574920654297 , 2.7483160495758057 , 17.196523666381836 , -13.370375633239746, 22.001859664916992, 6.145023345947266  ,  8.381462097167969, -8.770759582519531   , 19.681499481201172, 1.151093602180481   ,  7.815022945404053 , 0.28026944398880005  ,  8.59575080871582  , 7.903698921203613   ,  8.292254447937012 , -2.5901851654052734,  6.102535724639893 ,    2425.2259410511365,   1712.0259561668238,  10.587772369384766 , 0.019428694620728493 , 0.07806285511363636, 0.06046635202822816 ,     1268.1329570613766,     832.099226762989
confirm - elissa.wav,       , confirm - elissa, add_noise   , -298.2901692308582 ,  51.9948077574265  ,  58.702010821228924, 51.75276261870882 , 18.119504526933937 , 31.104858153718705, 9.491664747267627   , 14.17458866091973 , 6.061995734687901   , 15.28343277964355 , -1.0408374124806719,  9.755837291370078 , -3.9816863452058486, 11.412753071010027, -2.648714131363288 ,  9.409965586390918, -3.2433183461600623  ,  8.086763336129415, -0.5754596104545214 ,  5.274938080026028 , 3.697114186120907    ,  7.223984366638788 , 3.4168291059839397  ,  5.993913275759422 , -0.6560193107081856,  4.25718900735737  ,    6950.009536743164 ,   2423.687318038728 ,  29.759219029133305 , 0.03037423575864934  , 0.22350311279296875, 0.1465615448734414  ,     3411.4300599288194,    1376.816421021688
confirm - elissa.wav,       , confirm - elissa, gain        , -411.36309814453125,  99.7204360961914  , 147.87710571289062 , 79.54086303710938 , -7.303236961364746 , 44.77456283569336 , 25.278255462646484  , 21.218446731567383, 2.844792366027832   , 22.447050094604492, 0.4269278049468994 , 17.97872543334961  , -11.142680168151855, 22.194520950317383, 5.326380729675293  , 10.631773948669434, -7.159802436828613   , 16.698938369750977, 1.154056429862976   ,  8.070006370544434 , 0.03142768144607544  ,  9.556808471679688 , 6.0887579917907715  ,  9.280994415283203 , -1.4950894117355347,  7.263372898101807 ,    2597.779083251953 ,   1989.417785336686 ,  41.353519439697266 , 0.0358055904507637   , 0.10141754150390625, 0.09298395784545613 ,     1399.0730528810545,    1098.020418016855
confirm - terry.wav ,       , confirm - terry , original    , -260.7873229980469 ,  75.41737365722656 , 172.08859252929688 , 49.64675521850586 , -2.1672885417938232, 30.503643035888672, 33.889747619628906  , 27.177093505859375, -12.286498069763184 , 32.13378143310547 , 15.456347465515137 , 15.983041763305664 , -14.914977073669434, 13.46440315246582 , -4.044249057769775 , 10.781624794006348, -7.957712650299072   ,  9.537236213684082, -16.002656936645508 , 11.397034645080566 , 0.20426836609840393  , 12.171355247497559 , -13.207098960876465 ,  7.3940958976745605, -9.619863510131836 , 10.616280555725098 ,    1975.3001245959051,   1790.7059554145865, 401.76934814453125  , 0.11733169108629227  , 0.06427633351293104, 0.07145112158012826 ,     1107.5945214680776,     919.9525966628154
confirm - terry.wav ,       , confirm - terry , pitch_shift , -263.83270263671875,  69.52523040771484 , 151.17601013183594 , 50.56836700439453 , -1.2684820890426636, 24.5575008392334  , 22.093523025512695  , 26.804426193237305, -16.632970809936523 , 23.779659271240234, 10.90250301361084  , 13.176850318908691 , -26.64605712890625 , 19.28350257873535 , 0.3567326068878174 , 10.62993049621582 , -22.4757080078125    , 10.429530143737793, -4.433439254760742  , 12.039117813110352 , -13.438515663146973  , 10.020711898803711 , -14.683857917785645 , 11.428153038024902 , -6.752134323120117 ,  6.348326683044434 ,    2598.0923356681033,   2143.561112057575 , 210.16856384277344  , 0.0848616436123848   , 0.07360418911637931, 0.08035819983337554 ,     1382.8885981949538,    1010.6471427133382
confirm - terry.wav ,       , confirm - terry , time_stretch, -275.09130859375   ,  65.79719543457031 , 165.24920654296875 , 44.76753234863281 , -3.9185314178466797, 26.693944931030273, 39.37860870361328   , 28.667686462402344, -18.867271423339844 , 28.75429916381836 , 19.626087188720703 , 15.203166007995605 , -15.552154541015625, 12.857234954833984, -5.342520236968994 , 11.03126049041748 , -7.107568264007568   ,  8.90613079071045 , -16.891429901123047 , 10.16692066192627  , -0.14571984112262726 , 11.855185508728027 , -14.8267822265625   ,  6.561974048614502 , -9.17115592956543  ,  9.16337776184082  ,    2192.5107421875   ,   1768.955926328585 , 192.061279296875    , 0.08699605613946915  , 0.057734375        , 0.06152472096875534 ,     1145.5661870337622,     811.1770000019603
confirm - terry.wav ,       , confirm - terry , add_noise   , -207.98879933535883,  50.75552383832587 , 115.08886741446936 , 38.410948451848526, 27.39730734386617  , 29.57498525060204 , 18.66877691881383   , 24.894014316720835, -2.0874957660696025 , 23.09389288923268 , 6.946096255299506  , 12.813612742148754 , -6.813479551998132 , 10.148218891422978, -8.886908345635254 , 10.756486187811523, -7.02914372129002    ,  7.436020096583608, -12.554427562019518 ,  8.704414591731254 , -4.630130307591248   , 10.967678714076959 , -10.20808314220163  ,  6.248945108929108 , -11.221563416444608,  7.778927538205342 ,    3111.7334826239226,   1999.2022432839728, 402.08106907305756  , 0.11737720539519052  , 0.07373888739224138, 0.07284681875546582 ,     1656.5480822774746,     840.4935492132889
confirm - terry.wav ,       , confirm - terry , gain        , -255.27972412109375,  75.41737365722656 , 172.08859252929688 , 49.646759033203125, -2.1672921180725098, 30.503643035888672, 33.88975524902344   , 27.177095413208008, -12.286498069763184 , 32.13378143310547 , 15.456347465515137 , 15.983041763305664 , -14.91497802734375 , 13.464402198791504, -4.044247627258301 , 10.781624794006348, -7.957711696624756   ,  9.537238121032715, -16.00265884399414  , 11.397032737731934 , 0.20426970720291138  , 12.171354293823242 , -13.207100868225098 ,  7.394097328186035 , -9.619863510131836 , 10.61628246307373  ,    1975.3001245959051,   1790.7059554145865, 449.42572021484375  , 0.12409545481204987  , 0.06427633351293104, 0.07145112158012826 ,     1107.5945202712687,     919.9525966892879
